,Temporal_Sup_R,Cerebellum_7b_L,Thal_MDl_R,N_Acc_L,Cingulate_Mid_L
Temporal_Sup_R,1.0,-0.05045468440286105,0.39625937792490096,-0.18726605541271202,0.3591966814479763
Cerebellum_7b_L,-0.05045468440286105,1.0,0.1719904064067049,-0.005478610846252932,0.03443062695356541
Thal_MDl_R,0.39625937792490096,0.1719904064067049,1.0,0.4718053402195365,0.44596676868061824
N_Acc_L,-0.18726605541271202,-0.005478610846252932,0.4718053402195365,1.0,0.11287653975335962
Cingulate_Mid_L,0.3591966814479763,0.03443062695356541,0.44596676868061824,0.11287653975335962,1.0
