,Cerebellum_Crus2_R,Amygdala_L,Occipital_Inf_L,Frontal_Sup_Medial_L,Hippocampus_R
Cerebellum_Crus2_R,1.0,-0.20341984076826833,0.4223423428397655,0.2023920045159595,-0.050807435065145186
Amygdala_L,-0.20341984076826833,1.0,-0.13396192861859066,-0.38266186511311284,0.1160822648873114
Occipital_Inf_L,0.4223423428397655,-0.13396192861859066,1.0,0.19573635026552022,-0.1352890405618438
Frontal_Sup_Medial_L,0.2023920045159595,-0.38266186511311284,0.19573635026552022,1.0,0.04560991298909052
Hippocampus_R,-0.050807435065145186,0.1160822648873114,-0.1352890405618438,0.04560991298909052,1.0
