,SN_pc_R,Thal_MDl_L,OFCpost_R,Temporal_Sup_R,OFClat_L
SN_pc_R,1.0,0.10008919436530618,0.33078805067150285,0.6925983461177976,-0.1331153713291307
Thal_MDl_L,0.10008919436530618,1.0,-0.0787739567724461,0.043333168942830486,-0.24699488206999942
OFCpost_R,0.33078805067150285,-0.0787739567724461,1.0,0.658762070090088,0.10737350399528862
Temporal_Sup_R,0.6925983461177976,0.043333168942830486,0.658762070090088,1.0,-0.23509558962901675
OFClat_L,-0.1331153713291307,-0.24699488206999942,0.10737350399528862,-0.23509558962901675,1.0
