,Temporal_Mid_R,Putamen_R,Thal_PuA_L,OFClat_L,Angular_R
Temporal_Mid_R,1.0,0.10914534239281616,-0.042834233515823515,-0.16863122862628874,0.5673623608116052
Putamen_R,0.10914534239281616,1.0,0.16997509438039185,0.2254644868271234,-0.022522070729376634
Thal_PuA_L,-0.042834233515823515,0.16997509438039185,1.0,-0.3050745905466143,0.48353143174866065
OFClat_L,-0.16863122862628874,0.2254644868271234,-0.3050745905466143,1.0,-0.12505713005103264
Angular_R,0.5673623608116052,-0.022522070729376634,0.48353143174866065,-0.12505713005103264,1.0
