,Cuneus_L,ACC_sup_R,Cingulate_Mid_L,Hippocampus_L,Red_N_R
Cuneus_L,1.0,-0.4853335774411808,0.10189559399522329,-0.23236168917580474,-0.08516501686714578
ACC_sup_R,-0.4853335774411808,1.0,-0.10227295497733915,0.40276303431805593,-0.23019763057808698
Cingulate_Mid_L,0.10189559399522329,-0.10227295497733915,1.0,0.5801444542279917,0.0371846972139945
Hippocampus_L,-0.23236168917580474,0.40276303431805593,0.5801444542279917,1.0,-0.1262539879623655
Red_N_R,-0.08516501686714578,-0.23019763057808698,0.0371846972139945,-0.1262539879623655,1.0
