,Lingual_L,Fusiform_L,Precuneus_R,Occipital_Mid_L,Frontal_Med_Orb_L
Lingual_L,1.0,0.5066135478941666,0.4537354051184589,0.6051701768598748,-0.39136781008590577
Fusiform_L,0.5066135478941666,1.0,0.4087358005473202,0.7300371102195929,-0.12469320661394048
Precuneus_R,0.4537354051184589,0.4087358005473202,1.0,0.4559151582644646,0.02772132216560902
Occipital_Mid_L,0.6051701768598748,0.7300371102195929,0.4559151582644646,1.0,-0.4510098062032754
Frontal_Med_Orb_L,-0.39136781008590577,-0.12469320661394048,0.02772132216560902,-0.4510098062032754,1.0
