,LC_L,Frontal_Inf_Tri_L,Fusiform_L,Thal_VA_R,Frontal_Mid_2_R
LC_L,1.0,0.06002546207405546,0.49214297580206495,0.5398498156602786,0.009125875600130425
Frontal_Inf_Tri_L,0.06002546207405546,1.0,0.32145701046750624,0.2430097636842908,0.051578116013349676
Fusiform_L,0.49214297580206495,0.32145701046750624,1.0,0.3555351614527367,0.056069068208184934
Thal_VA_R,0.5398498156602786,0.2430097636842908,0.3555351614527367,1.0,-0.20871685459978867
Frontal_Mid_2_R,0.009125875600130425,0.051578116013349676,0.056069068208184934,-0.20871685459978867,1.0
