,Cerebellum_4_5_R,Thal_LGN_R,Precuneus_R,Thal_VPL_L,Lingual_L
Cerebellum_4_5_R,1.0,0.7193835195147479,0.55159818017906,0.5571999747129093,0.37218227061496045
Thal_LGN_R,0.7193835195147479,1.0,0.36290623381235854,0.482346353129426,0.3403450419544586
Precuneus_R,0.55159818017906,0.36290623381235854,1.0,0.7199953523507625,0.5743555161894706
Thal_VPL_L,0.5571999747129093,0.482346353129426,0.7199953523507625,1.0,0.6518340257924018
Lingual_L,0.37218227061496045,0.3403450419544586,0.5743555161894706,0.6518340257924018,1.0
