,Frontal_Sup_2_L,Temporal_Pole_Mid_R,Frontal_Med_Orb_R,Frontal_Inf_Tri_R,Raphe_D
Frontal_Sup_2_L,1.0,-0.12483180999581396,0.04271798199237665,0.3569947301021498,0.004015667594322291
Temporal_Pole_Mid_R,-0.12483180999581396,1.0,-0.22446488765556763,-0.20322982370615456,0.3570650745875106
Frontal_Med_Orb_R,0.04271798199237665,-0.22446488765556763,1.0,0.22005246634542477,-0.19284963307257624
Frontal_Inf_Tri_R,0.3569947301021498,-0.20322982370615456,0.22005246634542477,1.0,-0.10175348366662375
Raphe_D,0.004015667594322291,0.3570650745875106,-0.19284963307257624,-0.10175348366662375,1.0
