,Temporal_Mid_R,Cerebellum_8_L,Calcarine_R,Frontal_Sup_2_R,ACC_pre_L
Temporal_Mid_R,1.0,0.8082714666175901,0.5115686766063596,0.49277493422183555,-0.05838369191015708
Cerebellum_8_L,0.8082714666175901,1.0,0.4658582639139897,0.44717854248113525,0.06609230705202565
Calcarine_R,0.5115686766063596,0.4658582639139897,1.0,0.7830014417957352,0.12397284128225224
Frontal_Sup_2_R,0.49277493422183555,0.44717854248113525,0.7830014417957352,1.0,0.3640236258144091
ACC_pre_L,-0.05838369191015708,0.06609230705202565,0.12397284128225224,0.3640236258144091,1.0
