,Cerebellum_8_R,Rectus_R,Cingulate_Post_L,ACC_sup_L,Thal_PuI_L
Cerebellum_8_R,1.0,0.08569944319515226,0.29496528671529787,-0.1254621122572499,0.28493445483044855
Rectus_R,0.08569944319515226,1.0,0.3194711656364224,0.1389664005549723,-0.01365123058735742
Cingulate_Post_L,0.29496528671529787,0.3194711656364224,1.0,0.3940289143121155,0.25117271407937247
ACC_sup_L,-0.1254621122572499,0.1389664005549723,0.3940289143121155,1.0,0.22374378024253358
Thal_PuI_L,0.28493445483044855,-0.01365123058735742,0.25117271407937247,0.22374378024253358,1.0
