,Cerebellum_7b_R,Putamen_L,Vermis_6,Cerebellum_6_L,Cuneus_L
Cerebellum_7b_R,1.0,0.14316405273363908,0.44793613567811486,0.2373543492281615,0.4828766783486585
Putamen_L,0.14316405273363908,1.0,0.3549481127547709,0.6847852607149232,0.06549937439655232
Vermis_6,0.44793613567811486,0.3549481127547709,1.0,0.6787303290936747,0.3768008083943831
Cerebellum_6_L,0.2373543492281615,0.6847852607149232,0.6787303290936747,1.0,0.038114504694191205
Cuneus_L,0.4828766783486585,0.06549937439655232,0.3768008083943831,0.038114504694191205,1.0
