,Thal_MDm_L,Cingulate_Mid_L,Occipital_Mid_L,ACC_pre_L,Amygdala_R
Thal_MDm_L,1.0,0.5773516489040864,0.484489043627948,0.22705329502590818,0.17027665459704894
Cingulate_Mid_L,0.5773516489040864,1.0,0.7526129603415876,0.26388969299139453,0.162223263292127
Occipital_Mid_L,0.484489043627948,0.7526129603415876,1.0,0.1506665788043464,-0.18925286970202634
ACC_pre_L,0.22705329502590818,0.26388969299139453,0.1506665788043464,1.0,0.33186183552106563
Amygdala_R,0.17027665459704894,0.162223263292127,-0.18925286970202634,0.33186183552106563,1.0
