,Cerebellum_8_R,SN_pc_R,Vermis_7,Thal_VPL_L,Lingual_R
Cerebellum_8_R,1.0,0.3213309841115021,0.6586697090673611,-0.059084449931396575,0.5194454767165585
SN_pc_R,0.3213309841115021,1.0,0.1305012049915324,-0.028901558560868134,0.17978429551083935
Vermis_7,0.6586697090673611,0.1305012049915324,1.0,0.29873595268567454,0.5455504223500037
Thal_VPL_L,-0.059084449931396575,-0.028901558560868134,0.29873595268567454,1.0,0.5536879778867285
Lingual_R,0.5194454767165585,0.17978429551083935,0.5455504223500037,0.5536879778867285,1.0
