,Pallidum_L,Lingual_L,Amygdala_L,Rolandic_Oper_L,Olfactory_R
Pallidum_L,1.0,0.11700867009402159,-0.25417607247743484,0.4311496131861862,0.37927258575117856
Lingual_L,0.11700867009402159,1.0,0.35114064915743326,0.6447148348702696,-0.015329983744739864
Amygdala_L,-0.25417607247743484,0.35114064915743326,1.0,0.1938143391295673,0.12993185537778465
Rolandic_Oper_L,0.4311496131861862,0.6447148348702696,0.1938143391295673,1.0,0.1935888847940837
Olfactory_R,0.37927258575117856,-0.015329983744739864,0.12993185537778465,0.1935888847940837,1.0
