,Frontal_Inf_Oper_R,OFCpost_L,Occipital_Sup_R,Thal_PuI_R,Frontal_Med_Orb_R
Frontal_Inf_Oper_R,1.0,-0.10907543229557153,-0.3372450354656204,0.6234846432638471,-0.16566862083171036
OFCpost_L,-0.10907543229557153,1.0,-0.2259354894997555,0.1480018854669497,0.28482069720352327
Occipital_Sup_R,-0.3372450354656204,-0.2259354894997555,1.0,-0.39140729017665254,0.2307741327830901
Thal_PuI_R,0.6234846432638471,0.1480018854669497,-0.39140729017665254,1.0,-0.06061223596654553
Frontal_Med_Orb_R,-0.16566862083171036,0.28482069720352327,0.2307741327830901,-0.06061223596654553,1.0
