,LC_L,Thal_MGN_R,OFCpost_R,Temporal_Sup_R,OFClat_L
LC_L,1.0,-0.1369818681588133,0.39065480349767245,-0.17673387358452722,0.02687356242712922
Thal_MGN_R,-0.1369818681588133,1.0,0.0043300920818901195,0.4347342242294645,0.21999424901592587
OFCpost_R,0.39065480349767245,0.0043300920818901195,1.0,-0.2490412959668214,-0.020451073744689782
Temporal_Sup_R,-0.17673387358452722,0.4347342242294645,-0.2490412959668214,1.0,0.16183977213909329
OFClat_L,0.02687356242712922,0.21999424901592587,-0.020451073744689782,0.16183977213909329,1.0
