,Thal_LP_R,Vermis_7,Cingulate_Post_L,Thal_PuL_R,Calcarine_R
Thal_LP_R,1.0,-0.054141688691296354,0.18497246520501506,0.39142246135522646,0.24379940854414878
Vermis_7,-0.054141688691296354,1.0,0.18342486913355788,0.10668797021491407,-0.026849396810420728
Cingulate_Post_L,0.18497246520501506,0.18342486913355788,1.0,0.27257494532687837,0.21957063991830633
Thal_PuL_R,0.39142246135522646,0.10668797021491407,0.27257494532687837,1.0,-0.017658962441337325
Calcarine_R,0.24379940854414878,-0.026849396810420728,0.21957063991830633,-0.017658962441337325,1.0
