,Cerebellum_3_L,OFCant_R,OFCant_L,Thal_PuA_L,Cerebellum_7b_R
Cerebellum_3_L,1.0,-0.08427109492135523,0.3207071002133821,0.4956725514660685,0.0726338133781827
OFCant_R,-0.08427109492135523,1.0,0.13800100239065544,0.03600851656812109,0.07333847073787629
OFCant_L,0.3207071002133821,0.13800100239065544,1.0,0.12059133066719284,0.21217713920690598
Thal_PuA_L,0.4956725514660685,0.03600851656812109,0.12059133066719284,1.0,-0.10454636665594148
Cerebellum_7b_R,0.0726338133781827,0.07333847073787629,0.21217713920690598,-0.10454636665594148,1.0
