,Cerebellum_4_5_R,Cingulate_Post_R,VTA_R,Thal_PuL_R,Temporal_Pole_Mid_R
Cerebellum_4_5_R,1.0,0.47462986860719414,0.19882564508112957,0.32759028095459913,0.08352939727021509
Cingulate_Post_R,0.47462986860719414,1.0,0.2076951186090238,0.3275549538422862,-0.0036727263589380133
VTA_R,0.19882564508112957,0.2076951186090238,1.0,0.1814990828562866,-0.1637149726922254
Thal_PuL_R,0.32759028095459913,0.3275549538422862,0.1814990828562866,1.0,-0.025148202384683026
Temporal_Pole_Mid_R,0.08352939727021509,-0.0036727263589380133,-0.1637149726922254,-0.025148202384683026,1.0
