,Postcentral_L,Cerebellum_4_5_L,Temporal_Mid_R,Thal_IL_R,OFCmed_L
Postcentral_L,1.0,0.7531082792761311,0.2729063562824484,0.5255910316626385,0.26187783935663095
Cerebellum_4_5_L,0.7531082792761311,1.0,0.5817819301354252,0.5624164559973434,0.2889348169672969
Temporal_Mid_R,0.2729063562824484,0.5817819301354252,1.0,0.44948469376130196,0.17825090632672858
Thal_IL_R,0.5255910316626385,0.5624164559973434,0.44948469376130196,1.0,0.10754645910051022
OFCmed_L,0.26187783935663095,0.2889348169672969,0.17825090632672858,0.10754645910051022,1.0
