,Fusiform_R,Raphe_D,ACC_sup_L,Temporal_Inf_L,Frontal_Sup_Medial_R
Fusiform_R,1.0,0.12633036985569654,0.6459541428919326,0.49716601457513454,0.6041413699243346
Raphe_D,0.12633036985569654,1.0,0.3994774763657405,0.13891609653278414,0.2946238864884604
ACC_sup_L,0.6459541428919326,0.3994774763657405,1.0,0.6355431350363652,0.6958700532969455
Temporal_Inf_L,0.49716601457513454,0.13891609653278414,0.6355431350363652,1.0,0.7439635698774976
Frontal_Sup_Medial_R,0.6041413699243346,0.2946238864884604,0.6958700532969455,0.7439635698774976,1.0
