,SN_pr_L,Thal_MDl_L,OFCpost_R,Temporal_Sup_R,OFClat_L
SN_pr_L,1.0,0.42399835926902957,0.4583444876271361,0.384889814279516,0.2854902802299546
Thal_MDl_L,0.42399835926902957,1.0,0.42152660290815847,0.6182584683248846,0.21442837312086302
OFCpost_R,0.4583444876271361,0.42152660290815847,1.0,0.506293346429763,0.6788680753870499
Temporal_Sup_R,0.384889814279516,0.6182584683248846,0.506293346429763,1.0,0.1010067460974615
OFClat_L,0.2854902802299546,0.21442837312086302,0.6788680753870499,0.1010067460974615,1.0
