,Paracentral_Lobule_R,Vermis_4_5,Thal_VPL_L,Thal_LP_R,Parietal_Sup_L
Paracentral_Lobule_R,1.0,-0.31973879599458593,-0.6108935091249992,-0.1858075947141903,0.8481551241464048
Vermis_4_5,-0.31973879599458593,1.0,0.7391905949578247,0.5263654752817405,-0.5528491396167058
Thal_VPL_L,-0.6108935091249992,0.7391905949578247,1.0,0.6474201776643821,-0.6822639606894967
Thal_LP_R,-0.1858075947141903,0.5263654752817405,0.6474201776643821,1.0,-0.0827034927577694
Parietal_Sup_L,0.8481551241464048,-0.5528491396167058,-0.6822639606894967,-0.0827034927577694,1.0
