,Raphe_M,ACC_sup_R,ACC_sub_R,Frontal_Med_Orb_R,SN_pr_R
Raphe_M,1.0,0.018251361479216056,-0.11834904043854197,-0.13930429757520166,-0.02740444175534771
ACC_sup_R,0.018251361479216056,1.0,0.04878534214964164,-0.10007676675444642,0.23758420033870223
ACC_sub_R,-0.11834904043854197,0.04878534214964164,1.0,0.9323598822261985,-0.007694462364490002
Frontal_Med_Orb_R,-0.13930429757520166,-0.10007676675444642,0.9323598822261985,1.0,-0.08415742702009023
SN_pr_R,-0.02740444175534771,0.23758420033870223,-0.007694462364490002,-0.08415742702009023,1.0
