,Insula_L,N_Acc_L,Cerebellum_9_L,Thal_LP_L,Rectus_L
Insula_L,1.0,0.14662629240553152,0.15895246211075442,0.20921444101645312,0.2693746876884463
N_Acc_L,0.14662629240553152,1.0,0.021938298656893708,0.15345179454948246,0.31341481810921473
Cerebellum_9_L,0.15895246211075442,0.021938298656893708,1.0,0.06672392013355459,-0.056165868273245434
Thal_LP_L,0.20921444101645312,0.15345179454948246,0.06672392013355459,1.0,0.2835654918651497
Rectus_L,0.2693746876884463,0.31341481810921473,-0.056165868273245434,0.2835654918651497,1.0
