,Red_N_R,Thal_MGN_L,OFCpost_R,Temporal_Sup_R,OFClat_L
Red_N_R,1.0,-0.034249001782636054,-0.17644764387054895,0.24452922543801694,0.04528362938585424
Thal_MGN_L,-0.034249001782636054,1.0,-0.2475777388433694,0.24352338196657658,-0.22328599433461568
OFCpost_R,-0.17644764387054895,-0.2475777388433694,1.0,-0.405162445666047,0.6251161769790309
Temporal_Sup_R,0.24452922543801694,0.24352338196657658,-0.405162445666047,1.0,-0.6470548381678187
OFClat_L,0.04528362938585424,-0.22328599433461568,0.6251161769790309,-0.6470548381678187,1.0
