,Paracentral_Lobule_R,Thal_MGN_R,Temporal_Mid_R,Cuneus_L,Lingual_L
Paracentral_Lobule_R,1.0,-0.1969275422010921,0.2799544134046486,0.5669176340973487,0.4928355111765091
Thal_MGN_R,-0.1969275422010921,1.0,-0.2979328278909517,-0.14860487777889855,-0.3167377446069164
Temporal_Mid_R,0.2799544134046486,-0.2979328278909517,1.0,0.4505008137572644,0.7048517701939122
Cuneus_L,0.5669176340973487,-0.14860487777889855,0.4505008137572644,1.0,0.6849851444897022
Lingual_L,0.4928355111765091,-0.3167377446069164,0.7048517701939122,0.6849851444897022,1.0
