,Cingulate_Mid_R,Rolandic_Oper_L,OFCpost_R,Thal_MDl_R,Red_N_R
Cingulate_Mid_R,1.0,0.2702304787672614,0.1766502356568332,-0.12606904233945085,0.2127049389005798
Rolandic_Oper_L,0.2702304787672614,1.0,0.2400243580799772,0.17695203484193783,-0.01682744639551535
OFCpost_R,0.1766502356568332,0.2400243580799772,1.0,-0.06808744190050069,-0.02486039414561629
Thal_MDl_R,-0.12606904233945085,0.17695203484193783,-0.06808744190050069,1.0,0.07303217782987516
Red_N_R,0.2127049389005798,-0.01682744639551535,-0.02486039414561629,0.07303217782987516,1.0
