,Frontal_Inf_Oper_R,Rolandic_Oper_R,SN_pr_R,Paracentral_Lobule_R,Pallidum_L
Frontal_Inf_Oper_R,1.0,0.6406548242836702,0.028719850579101255,-0.14940925442658026,0.22012537990260986
Rolandic_Oper_R,0.6406548242836702,1.0,0.09990568185743431,-0.25264122110748255,0.309358277772204
SN_pr_R,0.028719850579101255,0.09990568185743431,1.0,0.20595703755439743,-0.20724041832528178
Paracentral_Lobule_R,-0.14940925442658026,-0.25264122110748255,0.20595703755439743,1.0,-0.2826429747160955
Pallidum_L,0.22012537990260986,0.309358277772204,-0.20724041832528178,-0.2826429747160955,1.0
