,Cerebellum_9_R,Hippocampus_L,Rectus_L,Thal_LP_R,Occipital_Sup_R
Cerebellum_9_R,1.0,-0.26433471903083494,-0.670080558749767,0.45166003222530665,0.17161464803120627
Hippocampus_L,-0.26433471903083494,1.0,0.5245414075133896,-0.061519021547624606,-0.09816693834353456
Rectus_L,-0.670080558749767,0.5245414075133896,1.0,-0.3968701486732763,-0.15581079359776684
Thal_LP_R,0.45166003222530665,-0.061519021547624606,-0.3968701486732763,1.0,0.636278150014032
Occipital_Sup_R,0.17161464803120627,-0.09816693834353456,-0.15581079359776684,0.636278150014032,1.0
