,Rolandic_Oper_R,ACC_sub_R,Precentral_R,OFClat_L,Cerebellum_6_R
Rolandic_Oper_R,1.0,0.24861833930674698,0.5916611943596032,0.41525145434298655,0.24144744249287367
ACC_sub_R,0.24861833930674698,1.0,-0.18422062128270913,0.12043028956599515,-0.5751748688185404
Precentral_R,0.5916611943596032,-0.18422062128270913,1.0,0.3590472387159841,0.48052854815214524
OFClat_L,0.41525145434298655,0.12043028956599515,0.3590472387159841,1.0,-0.11256745031793737
Cerebellum_6_R,0.24144744249287367,-0.5751748688185404,0.48052854815214524,-0.11256745031793737,1.0
