,Vermis_4_5,Cerebellum_7b_L,Red_N_L,Angular_L,SupraMarginal_R
Vermis_4_5,1.0,0.32569110181709143,0.7062442125884763,0.19693891492249854,0.31270449714571263
Cerebellum_7b_L,0.32569110181709143,1.0,0.4228089514923216,0.14303647277934906,-0.07321662459886606
Red_N_L,0.7062442125884763,0.4228089514923216,1.0,0.264389994963997,0.36733673073506035
Angular_L,0.19693891492249854,0.14303647277934906,0.264389994963997,1.0,-0.22457281481833677
SupraMarginal_R,0.31270449714571263,-0.07321662459886606,0.36733673073506035,-0.22457281481833677,1.0
