,Insula_L,Cerebellum_10_L,ParaHippocampal_L,Heschl_L,Occipital_Mid_R
Insula_L,1.0,0.6187953623337009,0.8568431075862836,0.7376067702481027,0.1580556377811534
Cerebellum_10_L,0.6187953623337009,1.0,0.5975318962789494,0.4969824051096557,0.15198453919402932
ParaHippocampal_L,0.8568431075862836,0.5975318962789494,1.0,0.5288315070824398,0.3669597888640319
Heschl_L,0.7376067702481027,0.4969824051096557,0.5288315070824398,1.0,-0.0749769084858126
Occipital_Mid_R,0.1580556377811534,0.15198453919402932,0.3669597888640319,-0.0749769084858126,1.0
