,OFClat_L,Paracentral_Lobule_L,Thal_AV_L,Temporal_Inf_R,Thal_VA_L
OFClat_L,1.0,-0.03598491563166961,0.30013274068687906,0.11203641750964678,0.22297306939837883
Paracentral_Lobule_L,-0.03598491563166961,1.0,0.2871795969682636,0.35148081949489346,0.38090235190690547
Thal_AV_L,0.30013274068687906,0.2871795969682636,1.0,-0.024408787149081092,0.5165494339333715
Temporal_Inf_R,0.11203641750964678,0.35148081949489346,-0.024408787149081092,1.0,0.3528539010566107
Thal_VA_L,0.22297306939837883,0.38090235190690547,0.5165494339333715,0.3528539010566107,1.0
