,Vermis_7,ACC_sup_L,Temporal_Mid_L,Frontal_Mid_2_R,Parietal_Sup_L
Vermis_7,1.0,0.09908754911755537,0.2679445257643014,0.028967775909639424,-0.023419992558375378
ACC_sup_L,0.09908754911755537,1.0,0.26186892812716317,0.7322131360349557,0.40375707124675636
Temporal_Mid_L,0.2679445257643014,0.26186892812716317,1.0,0.34979143447295874,0.30635650438233514
Frontal_Mid_2_R,0.028967775909639424,0.7322131360349557,0.34979143447295874,1.0,0.6384553106331783
Parietal_Sup_L,-0.023419992558375378,0.40375707124675636,0.30635650438233514,0.6384553106331783,1.0
