,Thal_PuM_L,OFCpost_R,Temporal_Pole_Mid_R,OFClat_L,Temporal_Mid_R
Thal_PuM_L,1.0,0.3026255915789247,0.22245641825537127,0.05083385241318278,0.26758489006983915
OFCpost_R,0.3026255915789247,1.0,0.801459005792873,0.5238214386909407,-0.04971117852575653
Temporal_Pole_Mid_R,0.22245641825537127,0.801459005792873,1.0,0.36045029179554067,0.3425468896790703
OFClat_L,0.05083385241318278,0.5238214386909407,0.36045029179554067,1.0,-0.3293824539288563
Temporal_Mid_R,0.26758489006983915,-0.04971117852575653,0.3425468896790703,-0.3293824539288563,1.0
