,Amygdala_L,SN_pr_R,Calcarine_R,Cerebellum_9_L,Temporal_Pole_Mid_R
Amygdala_L,1.0,0.49059791225410426,-0.5823954618766638,-0.18333698386080738,0.4455237187725076
SN_pr_R,0.49059791225410426,1.0,-0.032595871660480454,0.16965039500469262,0.18100069309764602
Calcarine_R,-0.5823954618766638,-0.032595871660480454,1.0,0.5991739319725518,-0.45368933483243506
Cerebellum_9_L,-0.18333698386080738,0.16965039500469262,0.5991739319725518,1.0,-0.1980760441776239
Temporal_Pole_Mid_R,0.4455237187725076,0.18100069309764602,-0.45368933483243506,-0.1980760441776239,1.0
