,Vermis_3,Cerebellum_7b_R,Paracentral_Lobule_R,Temporal_Mid_R,Thal_PuM_R
Vermis_3,1.0,-0.41457239747336844,0.32694255937841493,0.6247994030947023,0.02000734995660678
Cerebellum_7b_R,-0.41457239747336844,1.0,-0.1417638030751401,-0.1726374140929789,0.16389951275540585
Paracentral_Lobule_R,0.32694255937841493,-0.1417638030751401,1.0,0.322584630062378,0.024608999630424126
Temporal_Mid_R,0.6247994030947023,-0.1726374140929789,0.322584630062378,1.0,0.19522527673721654
Thal_PuM_R,0.02000734995660678,0.16389951275540585,0.024608999630424126,0.19522527673721654,1.0
