,Frontal_Mid_2_L,Rectus_L,Cingulate_Mid_R,Cerebellum_8_L,Cerebellum_10_L
Frontal_Mid_2_L,1.0,0.43352500207220696,0.6990459109822452,0.3090784548141761,0.7461264877725603
Rectus_L,0.43352500207220696,1.0,0.3230350138628874,0.24738630522174263,0.25105650310736044
Cingulate_Mid_R,0.6990459109822452,0.3230350138628874,1.0,0.42218221676074774,0.6135453960862335
Cerebellum_8_L,0.3090784548141761,0.24738630522174263,0.42218221676074774,1.0,0.2794175139106845
Cerebellum_10_L,0.7461264877725603,0.25105650310736044,0.6135453960862335,0.2794175139106845,1.0
