,Cerebellum_Crus1_L,Vermis_3,Frontal_Inf_Tri_L,Occipital_Sup_R,Thal_MDl_L
Cerebellum_Crus1_L,1.0,0.4910259674065544,0.20100976234338783,0.3688171568719113,-0.07903281034542875
Vermis_3,0.4910259674065544,1.0,0.5783742514117242,0.36862156730802276,0.3733688753486617
Frontal_Inf_Tri_L,0.20100976234338783,0.5783742514117242,1.0,0.11310076773677405,0.42095776060365675
Occipital_Sup_R,0.3688171568719113,0.36862156730802276,0.11310076773677405,1.0,-0.3620718270274391
Thal_MDl_L,-0.07903281034542875,0.3733688753486617,0.42095776060365675,-0.3620718270274391,1.0
