,Cerebellum_4_5_L,ParaHippocampal_R,Frontal_Med_Orb_L,SupraMarginal_R,OFCmed_L
Cerebellum_4_5_L,1.0,-0.3712149281963873,-0.17351330577905089,0.31159552219892905,-0.284781911019323
ParaHippocampal_R,-0.3712149281963873,1.0,0.21279674065553128,0.12062503219536401,0.432790378031621
Frontal_Med_Orb_L,-0.17351330577905089,0.21279674065553128,1.0,0.13555301536983735,0.1685626806203372
SupraMarginal_R,0.31159552219892905,0.12062503219536401,0.13555301536983735,1.0,-0.00873897642048696
OFCmed_L,-0.284781911019323,0.432790378031621,0.1685626806203372,-0.00873897642048696,1.0
