,Thal_LGN_R,OFClat_L,Thal_PuL_L,Cerebellum_Crus1_L,Postcentral_L
Thal_LGN_R,1.0,0.17560261970168786,0.17745707991633428,-0.01979916506747912,-0.07612503876652396
OFClat_L,0.17560261970168786,1.0,0.19192537067965817,-0.24531384345462084,-0.4895574621386812
Thal_PuL_L,0.17745707991633428,0.19192537067965817,1.0,-0.029321320147370246,0.12563991390551785
Cerebellum_Crus1_L,-0.01979916506747912,-0.24531384345462084,-0.029321320147370246,1.0,0.03956099247294759
Postcentral_L,-0.07612503876652396,-0.4895574621386812,0.12563991390551785,0.03956099247294759,1.0
