,Amygdala_L,Frontal_Inf_Oper_L,Cerebellum_10_R,Raphe_D,SupraMarginal_L
Amygdala_L,1.0,0.1487179405128278,-0.09110772725592481,0.39521625454472364,0.17054661982314728
Frontal_Inf_Oper_L,0.1487179405128278,1.0,-0.10567807176118561,0.26292887393298786,0.4322667797607331
Cerebellum_10_R,-0.09110772725592481,-0.10567807176118561,1.0,0.2427493498234678,0.13523944194758886
Raphe_D,0.39521625454472364,0.26292887393298786,0.2427493498234678,1.0,0.36634105987692894
SupraMarginal_L,0.17054661982314728,0.4322667797607331,0.13523944194758886,0.36634105987692894,1.0
