,Cerebellum_Crus1_L,SupraMarginal_L,Frontal_Sup_2_L,Paracentral_Lobule_L,Postcentral_R
Cerebellum_Crus1_L,1.0,0.2430901764359656,-0.14041420446545613,-0.24615670914579785,-0.14921228189556446
SupraMarginal_L,0.2430901764359656,1.0,0.5171940031105032,0.46685015425391146,0.4679691097555482
Frontal_Sup_2_L,-0.14041420446545613,0.5171940031105032,1.0,0.8168823393280412,0.8793639522487661
Paracentral_Lobule_L,-0.24615670914579785,0.46685015425391146,0.8168823393280412,1.0,0.8514781063920877
Postcentral_R,-0.14921228189556446,0.4679691097555482,0.8793639522487661,0.8514781063920877,1.0
