,Pallidum_R,Thal_PuI_L,Paracentral_Lobule_R,Lingual_L,Thal_LP_L
Pallidum_R,1.0,0.5827359752005867,0.2675370711378355,0.17055205917476718,0.5438243244971451
Thal_PuI_L,0.5827359752005867,1.0,0.10171630952836062,0.1601082666884759,0.6798459305824898
Paracentral_Lobule_R,0.2675370711378355,0.10171630952836062,1.0,0.33738924988321006,-0.1375997721009514
Lingual_L,0.17055205917476718,0.1601082666884759,0.33738924988321006,1.0,0.09308344568432088
Thal_LP_L,0.5438243244971451,0.6798459305824898,-0.1375997721009514,0.09308344568432088,1.0
