,Postcentral_L,Amygdala_L,Cerebellum_6_R,Parietal_Sup_R,Vermis_6
Postcentral_L,1.0,-0.5728649794594721,-0.145168879895703,0.7107458204509495,-0.3025065106477723
Amygdala_L,-0.5728649794594721,1.0,0.34707476101740875,-0.6097843664022917,0.4247027442393342
Cerebellum_6_R,-0.145168879895703,0.34707476101740875,1.0,-0.436966855389666,0.7050239826933156
Parietal_Sup_R,0.7107458204509495,-0.6097843664022917,-0.436966855389666,1.0,-0.42827498397711034
Vermis_6,-0.3025065106477723,0.4247027442393342,0.7050239826933156,-0.42827498397711034,1.0
