,Olfactory_L,Occipital_Sup_L,Hippocampus_L,Putamen_R,Cerebellum_10_R
Olfactory_L,1.0,0.028037706557801217,0.7438530650077577,0.45383236773857405,0.4814054065589222
Occipital_Sup_L,0.028037706557801217,1.0,0.10596146863077618,0.5056040399347369,0.1682409048418147
Hippocampus_L,0.7438530650077577,0.10596146863077618,1.0,0.5019321064763977,0.5077639716466418
Putamen_R,0.45383236773857405,0.5056040399347369,0.5019321064763977,1.0,0.17126543942827552
Cerebellum_10_R,0.4814054065589222,0.1682409048418147,0.5077639716466418,0.17126543942827552,1.0
