,Thal_VPL_R,Cingulate_Post_L,Red_N_L,Rectus_R,Vermis_6
Thal_VPL_R,1.0,0.3945023735148191,-0.16429684911835626,0.3594768705659891,0.32586370279086163
Cingulate_Post_L,0.3945023735148191,1.0,-0.2720568914339913,0.1891128076731699,0.7232851329134419
Red_N_L,-0.16429684911835626,-0.2720568914339913,1.0,0.19407312619965453,-0.15613246696310182
Rectus_R,0.3594768705659891,0.1891128076731699,0.19407312619965453,1.0,0.07268881585496158
Vermis_6,0.32586370279086163,0.7232851329134419,-0.15613246696310182,0.07268881585496158,1.0
