,Cerebellum_8_L,Insula_L,Frontal_Sup_Medial_R,ParaHippocampal_L,Paracentral_Lobule_L
Cerebellum_8_L,1.0,0.04617912285051827,0.15174824214548951,0.19612064164454523,0.3903623005122051
Insula_L,0.04617912285051827,1.0,0.5934786966409823,0.46318376843819836,0.25183039436417004
Frontal_Sup_Medial_R,0.15174824214548951,0.5934786966409823,1.0,0.46125689768836226,0.2312176648038779
ParaHippocampal_L,0.19612064164454523,0.46318376843819836,0.46125689768836226,1.0,0.3611689726438867
Paracentral_Lobule_L,0.3903623005122051,0.25183039436417004,0.2312176648038779,0.3611689726438867,1.0
