,SN_pr_L,Thal_MDl_R,OFCpost_R,Temporal_Sup_R,OFClat_L
SN_pr_L,1.0,-0.13800198492320556,-0.026539238164080107,-0.1636519005473571,0.023088426500944517
Thal_MDl_R,-0.13800198492320556,1.0,0.276488236080551,0.452263015747685,0.31774051270936354
OFCpost_R,-0.026539238164080107,0.276488236080551,1.0,0.33972098123802225,-0.15057242357886005
Temporal_Sup_R,-0.1636519005473571,0.452263015747685,0.33972098123802225,1.0,0.2789275769427856
OFClat_L,0.023088426500944517,0.31774051270936354,-0.15057242357886005,0.2789275769427856,1.0
