,Thal_PuA_R,Temporal_Mid_R,ParaHippocampal_R,Cerebellum_6_R,Temporal_Pole_Mid_R
Thal_PuA_R,1.0,-0.18867376080608236,0.47782734672280114,-0.03638319298656121,-0.3339572775611445
Temporal_Mid_R,-0.18867376080608236,1.0,-0.01797125123800795,0.8070455316344523,0.15446490916420275
ParaHippocampal_R,0.47782734672280114,-0.01797125123800795,1.0,-0.04773818181214551,-0.41140217062303946
Cerebellum_6_R,-0.03638319298656121,0.8070455316344523,-0.04773818181214551,1.0,0.26841550696489197
Temporal_Pole_Mid_R,-0.3339572775611445,0.15446490916420275,-0.41140217062303946,0.26841550696489197,1.0
