,Rectus_L,Insula_L,Hippocampus_R,Parietal_Inf_L,Thal_VPL_L
Rectus_L,1.0,0.2836439587782352,0.5314443066075686,-0.3672729144012716,-0.19946491161879676
Insula_L,0.2836439587782352,1.0,0.5275690619362761,-0.24452718185744327,0.4763052238784546
Hippocampus_R,0.5314443066075686,0.5275690619362761,1.0,-0.08878602566988497,0.41504325953315363
Parietal_Inf_L,-0.3672729144012716,-0.24452718185744327,-0.08878602566988497,1.0,0.2955472415342686
Thal_VPL_L,-0.19946491161879676,0.4763052238784546,0.41504325953315363,0.2955472415342686,1.0
