,N_Acc_R,Postcentral_R,Thal_VPL_R,Thal_LGN_R,Thal_PuA_R
N_Acc_R,1.0,0.03245922560065106,0.12806944578340093,0.23904824705004846,0.09555189375913915
Postcentral_R,0.03245922560065106,1.0,0.4375027747591952,0.011375951521282734,0.4558713033237482
Thal_VPL_R,0.12806944578340093,0.4375027747591952,1.0,0.21184335090871376,0.6169449306932623
Thal_LGN_R,0.23904824705004846,0.011375951521282734,0.21184335090871376,1.0,0.39826655104097825
Thal_PuA_R,0.09555189375913915,0.4558713033237482,0.6169449306932623,0.39826655104097825,1.0
