,Thal_MDl_L,Cerebellum_9_L,Vermis_7,Temporal_Mid_L,VTA_L
Thal_MDl_L,1.0,0.1444955777040103,0.2514869607081359,-0.5574082715120547,0.7168244712615085
Cerebellum_9_L,0.1444955777040103,1.0,0.0553007747642524,0.6117851829030266,0.12407829985826892
Vermis_7,0.2514869607081359,0.0553007747642524,1.0,0.26392860935900986,0.6009325504093399
Temporal_Mid_L,-0.5574082715120547,0.6117851829030266,0.26392860935900986,1.0,-0.30099422019656624
VTA_L,0.7168244712615085,0.12407829985826892,0.6009325504093399,-0.30099422019656624,1.0
