,SN_pc_L,Thal_MDm_R,OFCpost_R,Temporal_Sup_R,OFClat_L
SN_pc_L,1.0,0.848500587075216,0.733709320656014,0.9000043806805832,0.2581253444859062
Thal_MDm_R,0.848500587075216,1.0,0.7859124008174326,0.9873562830376224,0.05915729428438804
OFCpost_R,0.733709320656014,0.7859124008174326,1.0,0.8525831641153188,-0.4452496444018562
Temporal_Sup_R,0.9000043806805832,0.9873562830376224,0.8525831641153188,1.0,0.013660997476075234
OFClat_L,0.2581253444859062,0.05915729428438804,-0.4452496444018562,0.013660997476075234,1.0
