,Vermis_8,Supp_Motor_Area_R,Thal_Re_L,Paracentral_Lobule_R,Thal_Re_R
Vermis_8,1.0,0.13437990367083127,0.7839230512715064,-0.1638662094249102,0.6746346412476515
Supp_Motor_Area_R,0.13437990367083127,1.0,0.019327709255359447,0.948135199643544,0.03574886112976041
Thal_Re_L,0.7839230512715064,0.019327709255359447,1.0,-0.17944959795079193,0.9504288527829066
Paracentral_Lobule_R,-0.1638662094249102,0.948135199643544,-0.17944959795079193,1.0,-0.1362258075191615
Thal_Re_R,0.6746346412476515,0.03574886112976041,0.9504288527829066,-0.1362258075191615,1.0
