,Cerebellum_10_L,ParaHippocampal_L,OFClat_L,Cingulate_Mid_L,Thal_LP_R
Cerebellum_10_L,1.0,0.39997759232649915,0.42245124795753525,0.6239538620146421,0.25606128406663176
ParaHippocampal_L,0.39997759232649915,1.0,0.6032851074518252,0.6266960424937088,0.0178004936419404
OFClat_L,0.42245124795753525,0.6032851074518252,1.0,0.3777705124753531,0.0722394313714758
Cingulate_Mid_L,0.6239538620146421,0.6266960424937088,0.3777705124753531,1.0,0.39007010685834675
Thal_LP_R,0.25606128406663176,0.0178004936419404,0.0722394313714758,0.39007010685834675,1.0
