,Temporal_Sup_R,Occipital_Inf_R,Lingual_R,Temporal_Mid_R,Calcarine_L
Temporal_Sup_R,1.0,0.7030545692986271,0.7096442153178308,0.8866314716262987,0.3829318928524244
Occipital_Inf_R,0.7030545692986271,1.0,0.5021263863187795,0.814441185118693,0.23094992706078227
Lingual_R,0.7096442153178308,0.5021263863187795,1.0,0.6905357906860798,0.8442172258021922
Temporal_Mid_R,0.8866314716262987,0.814441185118693,0.6905357906860798,1.0,0.4045099283736249
Calcarine_L,0.3829318928524244,0.23094992706078227,0.8442172258021922,0.4045099283736249,1.0
