,Precentral_L,Precentral_R,Frontal_Sup_2_L,Frontal_Sup_2_R,Frontal_Mid_2_L
Precentral_L,1.0,0.8473880636302215,0.507022543632555,0.4984053846771022
Precentral_R,0.8473880636302215,1.0,0.5630928823310771,0.6636010224993301
Frontal_Sup_2_L,0.507022543632555,0.5630928823310771,1.0,0.7769567392624631
Frontal_Sup_2_R,0.4984053846771022,0.6636010224993301,0.7769567392624631,1.0
Frontal_Mid_2_L,0.8295419029634648,0.8164604891020624,0.7315585816881147,0.651860968234955
