,Precentral_L,Precentral_R,Frontal_Sup_2_L,Frontal_Sup_2_R,Frontal_Mid_2_L
Precentral_L,1.0,0.8078386704354064,0.8466883785870215,0.8517010740911642,0.8473273441781418
Precentral_R,0.8078386704354064,1.0,0.7163857928537393,0.826837713985553,0.6167528663483854
Frontal_Sup_2_L,0.8466883785870215,0.7163857928537393,1.0,0.8973000142483621,0.9136335812285313
Frontal_Sup_2_R,0.8517010740911642,0.826837713985553,0.8973000142483621,1.0,0.752384926970845
Frontal_Mid_2_L,0.8473273441781418,0.6167528663483854,0.9136335812285313,0.752384926970845,1.0
