,SN_pr_L,Thal_MDl_R,OFCpost_R,Temporal_Sup_R,OFClat_L
SN_pr_L,1.0,0.11156211796363392,0.7040518352042469,0.3539519076154718,0.5544346979908857
Thal_MDl_R,0.11156211796363392,1.0,0.2706485704944838,-0.020364321887445296,0.17577005946446675
OFCpost_R,0.7040518352042469,0.2706485704944838,1.0,0.323002982421582,0.6305140420352962
Temporal_Sup_R,0.3539519076154718,-0.020364321887445296,0.323002982421582,1.0,0.5566932638936275
OFClat_L,0.5544346979908857,0.17577005946446675,0.6305140420352962,0.5566932638936275,1.0
