,Temporal_Pole_Mid_L,N_Acc_L,Rolandic_Oper_L,Cerebellum_Crus1_L,Olfactory_R
Temporal_Pole_Mid_L,1.0,0.20122489669650226,0.29500191379683355,0.03535083081952506,0.07652301006767882
N_Acc_L,0.20122489669650226,1.0,0.5432910805109014,0.022236446094483275,0.24926116992338754
Rolandic_Oper_L,0.29500191379683355,0.5432910805109014,1.0,0.28268305616738565,0.34019602751844974
Cerebellum_Crus1_L,0.03535083081952506,0.022236446094483275,0.28268305616738565,1.0,0.04525109182713353
Olfactory_R,0.07652301006767882,0.24926116992338754,0.34019602751844974,0.04525109182713353,1.0
