,Thal_VPL_L,Thal_PuL_R,ParaHippocampal_R,Precuneus_R,Hippocampus_R
Thal_VPL_L,1.0,0.2023082640012369,0.42454568107462426,0.6382286943905761,0.47254380465012236
Thal_PuL_R,0.2023082640012369,1.0,0.4798248331777136,-0.016731605520621785,0.4383602627236111
ParaHippocampal_R,0.42454568107462426,0.4798248331777136,1.0,0.42040460495139775,0.8977998580552501
Precuneus_R,0.6382286943905761,-0.016731605520621785,0.42040460495139775,1.0,0.4898373660990528
Hippocampus_R,0.47254380465012236,0.4383602627236111,0.8977998580552501,0.4898373660990528,1.0
