,Cerebellum_10_L,Precentral_R,Frontal_Inf_Oper_R,Cerebellum_Crus2_L,Thal_PuL_R
Cerebellum_10_L,1.0,0.46430003340634274,-0.1297065339498453,0.0564104531460686,0.014018817465221198
Precentral_R,0.46430003340634274,1.0,0.22567172458903695,0.13111877487938434,0.11123620290236419
Frontal_Inf_Oper_R,-0.1297065339498453,0.22567172458903695,1.0,0.08712254278489115,0.47082594225887475
Cerebellum_Crus2_L,0.0564104531460686,0.13111877487938434,0.08712254278489115,1.0,0.1316828159459805
Thal_PuL_R,0.014018817465221198,0.11123620290236419,0.47082594225887475,0.1316828159459805,1.0
