,Amygdala_L,Lingual_L,Occipital_Inf_R,Cingulate_Mid_R,Rolandic_Oper_R
Amygdala_L,1.0,0.10060312639845148,-0.1548877622911465,0.2692556070969721,0.45495733600345867
Lingual_L,0.10060312639845148,1.0,0.6926351617157085,0.3931647896488548,0.3442658506358953
Occipital_Inf_R,-0.1548877622911465,0.6926351617157085,1.0,-0.06873424965777733,0.08970983925937892
Cingulate_Mid_R,0.2692556070969721,0.3931647896488548,-0.06873424965777733,1.0,0.47554594470937894
Rolandic_Oper_R,0.45495733600345867,0.3442658506358953,0.08970983925937892,0.47554594470937894,1.0
