,Paracentral_Lobule_R,Vermis_4_5,ACC_sub_L,Precuneus_R,Thal_VL_R
Paracentral_Lobule_R,1.0,0.3405222141883572,0.04854889374848454,0.8144400673501636,0.10891870785782981
Vermis_4_5,0.3405222141883572,1.0,-0.15906501687542332,0.2200427583227005,0.34350383295472287
ACC_sub_L,0.04854889374848454,-0.15906501687542332,1.0,-0.09206817497068326,0.29549306441596435
Precuneus_R,0.8144400673501636,0.2200427583227005,-0.09206817497068326,1.0,-0.061049269883585784
Thal_VL_R,0.10891870785782981,0.34350383295472287,0.29549306441596435,-0.061049269883585784,1.0
