,Cerebellum_10_L,Thal_MGN_R,Thal_MDl_R,Thal_IL_L,Thal_MDm_L
Cerebellum_10_L,1.0,0.37061173371034706,0.3731604220618438,0.18957750541973617,0.07628382397887379
Thal_MGN_R,0.37061173371034706,1.0,0.46712942806618807,0.23498337018276216,0.24605169485898581
Thal_MDl_R,0.3731604220618438,0.46712942806618807,1.0,0.591762247152957,0.31130984584267435
Thal_IL_L,0.18957750541973617,0.23498337018276216,0.591762247152957,1.0,0.17940735512571393
Thal_MDm_L,0.07628382397887379,0.24605169485898581,0.31130984584267435,0.17940735512571393,1.0
