,Precentral_R,Thal_VPL_L,Thal_LP_R,Vermis_9,Cerebellum_10_R
Precentral_R,1.0,0.6171352834761059,0.40734112359661695,0.3515269412524678,0.35891460621041005
Thal_VPL_L,0.6171352834761059,1.0,0.3280960492223343,0.3044920260072407,0.2777891771108181
Thal_LP_R,0.40734112359661695,0.3280960492223343,1.0,0.07756465307451094,0.11122240651394802
Vermis_9,0.3515269412524678,0.3044920260072407,0.07756465307451094,1.0,-0.011934753098382026
Cerebellum_10_R,0.35891460621041005,0.2777891771108181,0.11122240651394802,-0.011934753098382026,1.0
