,Postcentral_L,ACC_sub_R,Occipital_Sup_R,Calcarine_R,Insula_R
Postcentral_L,1.0,-0.04824114835066533,0.5691777556381065,0.7567476774703371,0.3463419247677049
ACC_sub_R,-0.04824114835066533,1.0,0.009154606092659152,-0.0038803567431372017,-0.06399457260517774
Occipital_Sup_R,0.5691777556381065,0.009154606092659152,1.0,0.6983829863134247,0.07116351613566751
Calcarine_R,0.7567476774703371,-0.0038803567431372017,0.6983829863134247,1.0,0.025919118453193845
Insula_R,0.3463419247677049,-0.06399457260517774,0.07116351613566751,0.025919118453193845,1.0
