,Cerebellum_8_L,SN_pr_R,Vermis_6,OFCpost_R,Hippocampus_R
Cerebellum_8_L,1.0,0.43733296129037624,0.886142644860185,0.36733104849949766,-0.013131037556022488
SN_pr_R,0.43733296129037624,1.0,0.5034949828468848,0.13016507323706342,0.0592403118637007
Vermis_6,0.886142644860185,0.5034949828468848,1.0,0.3297780317240716,-0.0721803800833979
OFCpost_R,0.36733104849949766,0.13016507323706342,0.3297780317240716,1.0,0.5576025262632225
Hippocampus_R,-0.013131037556022488,0.0592403118637007,-0.0721803800833979,0.5576025262632225,1.0
