,Thal_IL_R,Paracentral_Lobule_R,Putamen_R,Vermis_3,Temporal_Sup_L
Thal_IL_R,1.0,0.04507070687083525,0.4722361994284451,0.6177027547030918,-0.20455835024086017
Paracentral_Lobule_R,0.04507070687083525,1.0,-0.41602495575526627,-0.022025185469648146,0.2633010394915248
Putamen_R,0.4722361994284451,-0.41602495575526627,1.0,0.6783930587605868,0.2563618164676778
Vermis_3,0.6177027547030918,-0.022025185469648146,0.6783930587605868,1.0,0.12853236820375985
Temporal_Sup_L,-0.20455835024086017,0.2633010394915248,0.2563618164676778,0.12853236820375985,1.0
