,Thal_PuM_L,Frontal_Inf_Tri_L,OFClat_L,OFCmed_L,Putamen_L
Thal_PuM_L,1.0,0.5521755479398849,0.23557798314910003,0.1337333202213383,0.5835443377234519
Frontal_Inf_Tri_L,0.5521755479398849,1.0,0.48240605740371945,0.3829771512030424,0.6577381891980467
OFClat_L,0.23557798314910003,0.48240605740371945,1.0,0.5429932673269382,0.6824613465794614
OFCmed_L,0.1337333202213383,0.3829771512030424,0.5429932673269382,1.0,0.28973841649114584
Putamen_L,0.5835443377234519,0.6577381891980467,0.6824613465794614,0.28973841649114584,1.0
