,Cingulate_Post_L,Red_N_R,Thal_PuM_L,Amygdala_R,Paracentral_Lobule_R
Cingulate_Post_L,1.0,0.23856488551496546,0.5443554225469275,0.0986741087865597,0.5991762580255476
Red_N_R,0.23856488551496546,1.0,0.1886262808732526,-0.03253233383548856,0.09403446807850095
Thal_PuM_L,0.5443554225469275,0.1886262808732526,1.0,0.2657608668478414,0.6332721102319887
Amygdala_R,0.0986741087865597,-0.03253233383548856,0.2657608668478414,1.0,0.3436930493556372
Paracentral_Lobule_R,0.5991762580255476,0.09403446807850095,0.6332721102319887,0.3436930493556372,1.0
