,SN_pc_L,Thal_MDm_R,OFCpost_R,Temporal_Sup_R,OFClat_L
SN_pc_L,1.0,0.3283701523096563,0.06491685681921826,-0.16937325564931519,0.11212490298860046
Thal_MDm_R,0.3283701523096563,1.0,0.44157275717245964,0.3365619798663093,-0.15163988048722107
OFCpost_R,0.06491685681921826,0.44157275717245964,1.0,0.20817166336526619,-0.4579400161739921
Temporal_Sup_R,-0.16937325564931519,0.3365619798663093,0.20817166336526619,1.0,0.041557437843478845
OFClat_L,0.11212490298860046,-0.15163988048722107,-0.4579400161739921,0.041557437843478845,1.0
