,Pallidum_R,VTA_L,Lingual_R,Vermis_8,Thal_PuM_R
Pallidum_R,1.0,0.3991329200846768,0.03965474365901231,0.1411896253560913,-0.01675039363760601
VTA_L,0.3991329200846768,1.0,-0.08265723514467029,-0.04281119149437365,0.1732273146913423
Lingual_R,0.03965474365901231,-0.08265723514467029,1.0,-0.34138764304705976,0.35788313123465
Vermis_8,0.1411896253560913,-0.04281119149437365,-0.34138764304705976,1.0,0.06871446480214566
Thal_PuM_R,-0.01675039363760601,0.1732273146913423,0.35788313123465,0.06871446480214566,1.0
