,Thal_LGN_L,OFCpost_R,ParaHippocampal_R,Vermis_8,Frontal_Med_Orb_R
Thal_LGN_L,1.0,0.2229351171103012,0.42007895327017836,-0.2286890681301275,0.21458433245181893
OFCpost_R,0.2229351171103012,1.0,0.5467072048680313,-0.30716784020642535,0.5515111951343846
ParaHippocampal_R,0.42007895327017836,0.5467072048680313,1.0,-0.2591120899840004,0.12098923633826641
Vermis_8,-0.2286890681301275,-0.30716784020642535,-0.2591120899840004,1.0,-0.20507381445928563
Frontal_Med_Orb_R,0.21458433245181893,0.5515111951343846,0.12098923633826641,-0.20507381445928563,1.0
