,Thal_IL_R,Occipital_Mid_L,OFCant_L,ACC_sub_L,Thal_PuM_R
Thal_IL_R,1.0,0.42872726116855203,0.17421460504538272,0.2842720374596332,0.440849768059674
Occipital_Mid_L,0.42872726116855203,1.0,-0.2139828514991845,-0.08392170635674204,-0.1234321537979148
OFCant_L,0.17421460504538272,-0.2139828514991845,1.0,0.6049190333670937,0.6056255250899326
ACC_sub_L,0.2842720374596332,-0.08392170635674204,0.6049190333670937,1.0,0.6641954580172564
Thal_PuM_R,0.440849768059674,-0.1234321537979148,0.6056255250899326,0.6641954580172564,1.0
