,Postcentral_L,Parietal_Sup_R,Thal_MDm_L,Olfactory_L,Cerebellum_3_L
Postcentral_L,1.0,0.48038502196683996,0.2994112453801314,0.6122661951072541,0.27389596685216316
Parietal_Sup_R,0.48038502196683996,1.0,0.39777102188550484,0.27023108374460375,0.3726494958454494
Thal_MDm_L,0.2994112453801314,0.39777102188550484,1.0,0.3187883959776405,0.42065477302702187
Olfactory_L,0.6122661951072541,0.27023108374460375,0.3187883959776405,1.0,0.29647437841341057
Cerebellum_3_L,0.27389596685216316,0.3726494958454494,0.42065477302702187,0.29647437841341057,1.0
