,Vermis_10,Thal_PuA_L,Frontal_Inf_Oper_L,VTA_L,Cerebellum_Crus1_L
Vermis_10,1.0,-0.11837421569305687,-0.4185757827645361,0.7063014866330847,0.8774486274576584
Thal_PuA_L,-0.11837421569305687,1.0,0.46226495615239793,0.04177029744135265,-0.3739198112041988
Frontal_Inf_Oper_L,-0.4185757827645361,0.46226495615239793,1.0,-0.5580072607587662,-0.643771166876339
VTA_L,0.7063014866330847,0.04177029744135265,-0.5580072607587662,1.0,0.7629036165837655
Cerebellum_Crus1_L,0.8774486274576584,-0.3739198112041988,-0.643771166876339,0.7629036165837655,1.0
