,Temporal_Inf_L,Thal_LGN_R,Thal_PuL_L,Heschl_L,Frontal_Sup_2_L
Temporal_Inf_L,1.0,-0.6674331574488901,-0.32787790408734857,-0.7185860448676451,0.5381099345186294
Thal_LGN_R,-0.6674331574488901,1.0,0.38114180781917273,0.6499090771397863,-0.4350211915803225
Thal_PuL_L,-0.32787790408734857,0.38114180781917273,1.0,0.3975579184322872,-0.33046486098465966
Heschl_L,-0.7185860448676451,0.6499090771397863,0.3975579184322872,1.0,-0.4058144146657787
Frontal_Sup_2_L,0.5381099345186294,-0.4350211915803225,-0.33046486098465966,-0.4058144146657787,1.0
