,Vermis_4_5,Cingulate_Post_L,Thal_VL_L,LC_L,Cerebellum_Crus1_R
Vermis_4_5,1.0,0.47702669539761383,0.5956276550270493,0.11872285096526744,0.5913035351808111
Cingulate_Post_L,0.47702669539761383,1.0,0.35485824240031677,0.14887388218762432,0.2924028922979137
Thal_VL_L,0.5956276550270493,0.35485824240031677,1.0,-0.16046225909191983,0.1470161065375115
LC_L,0.11872285096526744,0.14887388218762432,-0.16046225909191983,1.0,0.18223990387111128
Cerebellum_Crus1_R,0.5913035351808111,0.2924028922979137,0.1470161065375115,0.18223990387111128,1.0
