,Olfactory_R,Occipital_Mid_L,Thal_VL_R,Cerebellum_8_R,Calcarine_R
Olfactory_R,1.0,-0.03967861352210235,0.509363828723904,-0.007595679582909606,0.06809874841775394
Occipital_Mid_L,-0.03967861352210235,1.0,-0.029347986842549467,0.5012702918991504,0.8133665693411404
Thal_VL_R,0.509363828723904,-0.029347986842549467,1.0,0.13556647888691478,0.09514597483032108
Cerebellum_8_R,-0.007595679582909606,0.5012702918991504,0.13556647888691478,1.0,0.49595332497882233
Calcarine_R,0.06809874841775394,0.8133665693411404,0.09514597483032108,0.49595332497882233,1.0
