,Cerebellum_Crus1_L,Thal_VPL_R,ACC_sub_L,Thal_AV_L,Heschl_L
Cerebellum_Crus1_L,1.0,-0.05317872672064698,0.261994684319766,0.3550516200315486,0.3187868188814532
Thal_VPL_R,-0.05317872672064698,1.0,-0.20314733902767454,0.12331969312984688,-0.007511542357677887
ACC_sub_L,0.261994684319766,-0.20314733902767454,1.0,0.050367764921509794,0.10974383375238898
Thal_AV_L,0.3550516200315486,0.12331969312984688,0.050367764921509794,1.0,0.7101621514074813
Heschl_L,0.3187868188814532,-0.007511542357677887,0.10974383375238898,0.7101621514074813,1.0
