,Occipital_Mid_R,ACC_sub_R,Heschl_L,OFCpost_L,Thal_MDl_L
Occipital_Mid_R,1.0,-0.19980528029761946,-0.5970635893735345,-0.42416719005107645,0.2257804964230697
ACC_sub_R,-0.19980528029761946,1.0,0.38679314428227507,0.6134362103344692,-0.18697224443691052
Heschl_L,-0.5970635893735345,0.38679314428227507,1.0,0.5102281973478061,-0.46720493942237024
OFCpost_L,-0.42416719005107645,0.6134362103344692,0.5102281973478061,1.0,-0.187997468293505
Thal_MDl_L,0.2257804964230697,-0.18697224443691052,-0.46720493942237024,-0.187997468293505,1.0
