,Frontal_Mid_2_L,OFClat_R,Thal_MDm_L,Thal_VPL_L,Hippocampus_L
Frontal_Mid_2_L,1.0,-0.15565038854114793,0.6223898997118843,0.6825968791299367,0.7759005229682804
OFClat_R,-0.15565038854114793,1.0,-0.24741638949170322,-0.13852694551642614,-0.25638515181333704
Thal_MDm_L,0.6223898997118843,-0.24741638949170322,1.0,0.3232744888519811,0.494713065603699
Thal_VPL_L,0.6825968791299367,-0.13852694551642614,0.3232744888519811,1.0,0.6029872178980418
Hippocampus_L,0.7759005229682804,-0.25638515181333704,0.494713065603699,0.6029872178980418,1.0
