,Fusiform_R,Thal_LGN_R,Cerebellum_8_R,Occipital_Inf_R,OFCmed_L
Fusiform_R,1.0,0.5843685689318997,0.5916539981945815,0.3543269771625341,0.14425043726494718
Thal_LGN_R,0.5843685689318997,1.0,0.39008152235578164,0.17124678301536148,0.11358799571880233
Cerebellum_8_R,0.5916539981945815,0.39008152235578164,1.0,0.27799483500384214,0.02479622739770413
Occipital_Inf_R,0.3543269771625341,0.17124678301536148,0.27799483500384214,1.0,0.0566583504059043
OFCmed_L,0.14425043726494718,0.11358799571880233,0.02479622739770413,0.0566583504059043,1.0
