,Cingulate_Mid_R,Frontal_Inf_Oper_R,Frontal_Mid_2_L,Temporal_Inf_R,Insula_R
Cingulate_Mid_R,1.0,0.4918734674233579,0.6110552529066812,0.6045942340105148,0.7393579491400268
Frontal_Inf_Oper_R,0.4918734674233579,1.0,0.5822824247082925,0.2948713862708732,0.644210832867057
Frontal_Mid_2_L,0.6110552529066812,0.5822824247082925,1.0,0.10573641887696043,0.6102254476732004
Temporal_Inf_R,0.6045942340105148,0.2948713862708732,0.10573641887696043,1.0,0.6058989331567797
Insula_R,0.7393579491400268,0.644210832867057,0.6102254476732004,0.6058989331567797,1.0
