,Cerebellum_7b_R,SN_pc_R,Occipital_Mid_L,Thal_LP_R,Frontal_Inf_Orb_2_R
Cerebellum_7b_R,1.0,0.5506258566567176,-0.40251959390591574,-0.1806591036247793,0.29630267590028775
SN_pc_R,0.5506258566567176,1.0,-0.4588689658809075,-0.18607568541268862,0.4016656745965861
Occipital_Mid_L,-0.40251959390591574,-0.4588689658809075,1.0,0.5021483525868908,-0.5382156180040032
Thal_LP_R,-0.1806591036247793,-0.18607568541268862,0.5021483525868908,1.0,-0.2225030828999935
Frontal_Inf_Orb_2_R,0.29630267590028775,0.4016656745965861,-0.5382156180040032,-0.2225030828999935,1.0
