,Vermis_9,Cerebellum_Crus2_R,Thal_VA_R,Thal_MDm_L,Amygdala_R
Vermis_9,1.0,0.058726326827681634,0.05155571469414055,0.16825784923702666,-0.17483929325640063
Cerebellum_Crus2_R,0.058726326827681634,1.0,-0.0151108228837301,0.11973014795608279,-0.072280256557825
Thal_VA_R,0.05155571469414055,-0.0151108228837301,1.0,0.751597637765736,0.7403830693122153
Thal_MDm_L,0.16825784923702666,0.11973014795608279,0.751597637765736,1.0,0.47496739502609914
Amygdala_R,-0.17483929325640063,-0.072280256557825,0.7403830693122153,0.47496739502609914,1.0
