,Cerebellum_Crus1_L,Thal_PuM_R,Fusiform_R,Frontal_Inf_Oper_R,Lingual_R
Cerebellum_Crus1_L,1.0,0.09680950942585195,0.1587237964921632,-0.153206303953267,0.24691942075544177
Thal_PuM_R,0.09680950942585195,1.0,0.5528215384529716,0.6529027930404772,0.5058686045905418
Fusiform_R,0.1587237964921632,0.5528215384529716,1.0,0.5000277606909354,0.8226377472155761
Frontal_Inf_Oper_R,-0.153206303953267,0.6529027930404772,0.5000277606909354,1.0,0.19365987051020167
Lingual_R,0.24691942075544177,0.5058686045905418,0.8226377472155761,0.19365987051020167,1.0
