,Rolandic_Oper_L,Occipital_Inf_R,SN_pc_R,Supp_Motor_Area_R,Thal_VPL_L
Rolandic_Oper_L,1.0,0.4875424925213018,0.2717350396678337,0.2051268995312782,-0.2444688397508674
Occipital_Inf_R,0.4875424925213018,1.0,0.5183761686628232,-0.24519274925401568,-0.6640433945081403
SN_pc_R,0.2717350396678337,0.5183761686628232,1.0,0.13145753861138967,-0.5045301759800053
Supp_Motor_Area_R,0.2051268995312782,-0.24519274925401568,0.13145753861138967,1.0,0.3162052310067136
Thal_VPL_L,-0.2444688397508674,-0.6640433945081403,-0.5045301759800053,0.3162052310067136,1.0
