,OFCpost_L,Vermis_1_2,Cerebellum_4_5_R,Cerebellum_3_R,Frontal_Med_Orb_L
OFCpost_L,1.0,0.2728985065496661,0.05457277428875477,-0.16213863143887453,-0.31614537247693586
Vermis_1_2,0.2728985065496661,1.0,0.6797990566003235,-0.033036173271388684,-0.16944896515891775
Cerebellum_4_5_R,0.05457277428875477,0.6797990566003235,1.0,0.3375273110597991,-0.11270857659328097
Cerebellum_3_R,-0.16213863143887453,-0.033036173271388684,0.3375273110597991,1.0,-0.3318732639613976
Frontal_Med_Orb_L,-0.31614537247693586,-0.16944896515891775,-0.11270857659328097,-0.3318732639613976,1.0
