,Cingulate_Mid_L,Thal_MDm_R,Thal_MDl_L,VTA_L,Vermis_3
Cingulate_Mid_L,1.0,0.7523009625253091,0.489896801057118,0.575214601549981,0.7515564614275421
Thal_MDm_R,0.7523009625253091,1.0,0.6339822514888674,0.5129698973534297,0.5820159745427511
Thal_MDl_L,0.489896801057118,0.6339822514888674,1.0,0.27883424003546353,0.38280048258177407
VTA_L,0.575214601549981,0.5129698973534297,0.27883424003546353,1.0,0.61583238053011
Vermis_3,0.7515564614275421,0.5820159745427511,0.38280048258177407,0.61583238053011,1.0
