,Supp_Motor_Area_R,Vermis_7,Heschl_R,Supp_Motor_Area_L,Paracentral_Lobule_R
Supp_Motor_Area_R,1.0,-0.21986078059249436,-0.2241300375707344,0.9352397461442182,0.8754078936470893
Vermis_7,-0.21986078059249436,1.0,0.4901559514530672,-0.17665581439162467,-0.1279190107575707
Heschl_R,-0.2241300375707344,0.4901559514530672,1.0,-0.11627472078167346,-0.05805775247466907
Supp_Motor_Area_L,0.9352397461442182,-0.17665581439162467,-0.11627472078167346,1.0,0.8878756695716252
Paracentral_Lobule_R,0.8754078936470893,-0.1279190107575707,-0.05805775247466907,0.8878756695716252,1.0
