,Vermis_9,ParaHippocampal_L,Occipital_Inf_L,Insula_R,Temporal_Sup_R
Vermis_9,1.0,0.47484702525470185,0.4930280443589625,-0.26475596741002105,-0.36615487683741377
ParaHippocampal_L,0.47484702525470185,1.0,0.47061863229816187,0.07763553204859389,-0.22335605873846442
Occipital_Inf_L,0.4930280443589625,0.47061863229816187,1.0,-0.5025743489753911,-0.58888320244714
Insula_R,-0.26475596741002105,0.07763553204859389,-0.5025743489753911,1.0,0.7524131040508771
Temporal_Sup_R,-0.36615487683741377,-0.22335605873846442,-0.58888320244714,0.7524131040508771,1.0
