,Thal_MDl_R,Lingual_R,Cerebellum_7b_R,Rectus_R,Thal_PuM_R
Thal_MDl_R,1.0,0.3268107999607624,0.4322413359940632,0.33950746885429295,0.22079911823649975
Lingual_R,0.3268107999607624,1.0,0.20777315697687226,0.06178788002605962,0.44001135637372824
Cerebellum_7b_R,0.4322413359940632,0.20777315697687226,1.0,0.21421434146755933,-0.01359765776092468
Rectus_R,0.33950746885429295,0.06178788002605962,0.21421434146755933,1.0,-0.21749853794689822
Thal_PuM_R,0.22079911823649975,0.44001135637372824,-0.01359765776092468,-0.21749853794689822,1.0
