,SN_pr_R,SN_pr_L,Cingulate_Post_L,Lingual_R,Cerebellum_8_R
SN_pr_R,1.0,0.3408300549261511,0.27648554323820357,-0.015294298592431841,-0.047626719471946355
SN_pr_L,0.3408300549261511,1.0,0.20020732377447373,-0.034708849448463384,0.3486558047350731
Cingulate_Post_L,0.27648554323820357,0.20020732377447373,1.0,0.5076686669466903,0.4137919959005662
Lingual_R,-0.015294298592431841,-0.034708849448463384,0.5076686669466903,1.0,0.32338219355105247
Cerebellum_8_R,-0.047626719471946355,0.3486558047350731,0.4137919959005662,0.32338219355105247,1.0
