,SN_pc_R,Thal_MDl_L,OFCpost_R,Temporal_Sup_R,OFClat_L
SN_pc_R,1.0,0.14620335657725098,0.33149598168983396,0.43953071267125027,0.24061689840769662
Thal_MDl_L,0.14620335657725098,1.0,0.15346370220963582,0.4121308050754772,-0.43496420232647093
OFCpost_R,0.33149598168983396,0.15346370220963582,1.0,0.32861622357416653,0.307505350009055
Temporal_Sup_R,0.43953071267125027,0.4121308050754772,0.32861622357416653,1.0,0.10447592530460026
OFClat_L,0.24061689840769662,-0.43496420232647093,0.307505350009055,0.10447592530460026,1.0
