,Heschl_L,Cingulate_Post_L,OFCpost_L,Cerebellum_8_R,SupraMarginal_L
Heschl_L,1.0,0.3589098149782465,-0.044035769274056315,0.24307676395570513,-0.014500009040105535
Cingulate_Post_L,0.3589098149782465,1.0,-0.009456573028930115,0.4137919959005662,0.5486941148078404
OFCpost_L,-0.044035769274056315,-0.009456573028930115,1.0,0.1139423588362293,-0.015281272484275604
Cerebellum_8_R,0.24307676395570513,0.4137919959005662,0.1139423588362293,1.0,0.049454177107767026
SupraMarginal_L,-0.014500009040105535,0.5486941148078404,-0.015281272484275604,0.049454177107767026,1.0
