,Thal_PuA_L,Parietal_Inf_L,Temporal_Mid_R,SupraMarginal_L,Temporal_Mid_L
Thal_PuA_L,1.0,0.545256774857504,0.11676877240772701,0.6378337168974043,0.2892978523929242
Parietal_Inf_L,0.545256774857504,1.0,0.4905404377192261,0.8870356893035899,0.4007548212715529
Temporal_Mid_R,0.11676877240772701,0.4905404377192261,1.0,0.355693578080857,0.4079080199098582
SupraMarginal_L,0.6378337168974043,0.8870356893035899,0.355693578080857,1.0,0.5718304674944753
Temporal_Mid_L,0.2892978523929242,0.4007548212715529,0.4079080199098582,0.5718304674944753,1.0
