,SN_pr_R,Thal_LGN_L,OFCpost_R,Temporal_Sup_R,OFClat_L
SN_pr_R,1.0,0.6518356109392355,-0.04294644326166395,0.41414116399984763,-0.1661570367271714
Thal_LGN_L,0.6518356109392355,1.0,0.05871747431867187,0.20919449526822043,-0.13447021441477372
OFCpost_R,-0.04294644326166395,0.05871747431867187,1.0,-0.12520427149585134,0.7653260078185767
Temporal_Sup_R,0.41414116399984763,0.20919449526822043,-0.12520427149585134,1.0,-0.297288194957085
OFClat_L,-0.1661570367271714,-0.13447021441477372,0.7653260078185767,-0.297288194957085,1.0
