,Precuneus_L,VTA_R,N_Acc_L,Thal_MGN_L,Pallidum_L
Precuneus_L,1.0,-0.1455672659203949,0.33346359008206955,0.14904018451686207,0.4149483495985978
VTA_R,-0.1455672659203949,1.0,0.3028687824255849,-0.026105979740064067,0.09324622057836887
N_Acc_L,0.33346359008206955,0.3028687824255849,1.0,0.42129009426025216,0.5102578621516676
Thal_MGN_L,0.14904018451686207,-0.026105979740064067,0.42129009426025216,1.0,0.6209122904662296
Pallidum_L,0.4149483495985978,0.09324622057836887,0.5102578621516676,0.6209122904662296,1.0
