,Insula_L,SupraMarginal_R,Cuneus_L,Thal_PuM_L,Temporal_Sup_L
Insula_L,1.0,0.49488684701822044,0.4068847749991617,0.3890855074336261,0.8528395042581843
SupraMarginal_R,0.49488684701822044,1.0,0.7429846482622832,0.5659364292954616,0.6436812830338252
Cuneus_L,0.4068847749991617,0.7429846482622832,1.0,0.5896203185565662,0.5006673396229117
Thal_PuM_L,0.3890855074336261,0.5659364292954616,0.5896203185565662,1.0,0.28488045400250417
Temporal_Sup_L,0.8528395042581843,0.6436812830338252,0.5006673396229117,0.28488045400250417,1.0
