,SN_pc_L,Frontal_Inf_Oper_R,Fusiform_R,Cerebellum_3_R,Thal_LP_L
SN_pc_L,1.0,0.21261873256145852,-0.05006765666555801,0.6513018582621655,0.007092544508940396
Frontal_Inf_Oper_R,0.21261873256145852,1.0,0.16655506561628827,0.200515385714901,0.17348750770504032
Fusiform_R,-0.05006765666555801,0.16655506561628827,1.0,0.2847408996058238,-0.21708561958866943
Cerebellum_3_R,0.6513018582621655,0.200515385714901,0.2847408996058238,1.0,-0.06352516331101431
Thal_LP_L,0.007092544508940396,0.17348750770504032,-0.21708561958866943,-0.06352516331101431,1.0
