,Frontal_Sup_Medial_R,Thal_VA_R,Frontal_Sup_Medial_L,Thal_LGN_L,Raphe_M
Frontal_Sup_Medial_R,1.0,0.18607166601940625,0.8870728255284748,0.18383653256316904,-0.06575194386946906
Thal_VA_R,0.18607166601940625,1.0,0.3284135406525846,0.37823636827505996,0.2576068575861769
Frontal_Sup_Medial_L,0.8870728255284748,0.3284135406525846,1.0,0.44675509869179086,0.09364358075465669
Thal_LGN_L,0.18383653256316904,0.37823636827505996,0.44675509869179086,1.0,0.21033811278924006
Raphe_M,-0.06575194386946906,0.2576068575861769,0.09364358075465669,0.21033811278924006,1.0
