,Occipital_Mid_R,Olfactory_L,Cerebellum_9_R,Thal_MDl_R,Thal_MDm_R
Occipital_Mid_R,1.0,-0.018642042667001764,0.5965786159999833,-0.16863920793224327,0.18264820586910036
Olfactory_L,-0.018642042667001764,1.0,0.30437723563306246,0.39655710093835717,0.5004788677240484
Cerebellum_9_R,0.5965786159999833,0.30437723563306246,1.0,-0.043411447487314125,0.425383661452946
Thal_MDl_R,-0.16863920793224327,0.39655710093835717,-0.043411447487314125,1.0,0.4917996002406755
Thal_MDm_R,0.18264820586910036,0.5004788677240484,0.425383661452946,0.4917996002406755,1.0
