,Thal_AV_L,Thal_PuM_L,Thal_LGN_L,Thal_PuL_L,Thal_LGN_R
Thal_AV_L,1.0,-0.13403064556794442,0.1683658661175161,0.20585844996485442,0.15526286612127443
Thal_PuM_L,-0.13403064556794442,1.0,0.48962068786037194,0.3393735538786165,0.4649020702177441
Thal_LGN_L,0.1683658661175161,0.48962068786037194,1.0,0.11454112405105606,0.6372195178548675
Thal_PuL_L,0.20585844996485442,0.3393735538786165,0.11454112405105606,1.0,0.48567953366369715
Thal_LGN_R,0.15526286612127443,0.4649020702177441,0.6372195178548675,0.48567953366369715,1.0
