,LC_L,VTA_R,OFClat_L,OFCpost_L,Cerebellum_9_R
LC_L,1.0,0.10502001951089157,-0.24225224527029313,0.11214701287937061,0.19909490356130738
VTA_R,0.10502001951089157,1.0,-0.2499904621551549,0.29593273262396685,-0.43815232790723546
OFClat_L,-0.24225224527029313,-0.2499904621551549,1.0,-0.15792839022206687,0.36638560449187346
OFCpost_L,0.11214701287937061,0.29593273262396685,-0.15792839022206687,1.0,-0.08366053279545406
Cerebellum_9_R,0.19909490356130738,-0.43815232790723546,0.36638560449187346,-0.08366053279545406,1.0
