,ParaHippocampal_R,Pallidum_L,Pallidum_R,SupraMarginal_L,Insula_L
ParaHippocampal_R,1.0,0.41032267718998366,0.283985648463169,0.13458880816584182,0.6783046424767981
Pallidum_L,0.41032267718998366,1.0,0.3895030557851038,0.0410273627460758,0.3752644451288995
Pallidum_R,0.283985648463169,0.3895030557851038,1.0,0.13852997524605093,0.13406288728122406
SupraMarginal_L,0.13458880816584182,0.0410273627460758,0.13852997524605093,1.0,0.0793276628033922
Insula_L,0.6783046424767981,0.3752644451288995,0.13406288728122406,0.0793276628033922,1.0
