,Cerebellum_4_5_R,Cerebellum_Crus2_L,OFCant_L,Cerebellum_6_L,Frontal_Sup_Medial_R
Cerebellum_4_5_R,1.0,0.07956134232524989,0.38035960487590165,0.17407167819263414,-0.01006745076311893
Cerebellum_Crus2_L,0.07956134232524989,1.0,-0.18075966092444135,0.1378050170568107,-0.22566614175169772
OFCant_L,0.38035960487590165,-0.18075966092444135,1.0,0.04700385432024487,-0.047019199062047976
Cerebellum_6_L,0.17407167819263414,0.1378050170568107,0.04700385432024487,1.0,-0.33449093860570595
Frontal_Sup_Medial_R,-0.01006745076311893,-0.22566614175169772,-0.047019199062047976,-0.33449093860570595,1.0
