,Temporal_Sup_R,Postcentral_L,Frontal_Sup_2_R,SN_pc_R,Thal_MDl_R
Temporal_Sup_R,1.0,0.3565644703330746,0.3701236870993962,0.4827375069443166,0.537631083968168
Postcentral_L,0.3565644703330746,1.0,0.7135204606197473,0.19531203268706865,0.5615891653708371
Frontal_Sup_2_R,0.3701236870993962,0.7135204606197473,1.0,0.34981069920013125,0.4917354968334897
SN_pc_R,0.4827375069443166,0.19531203268706865,0.34981069920013125,1.0,0.35673786291013315
Thal_MDl_R,0.537631083968168,0.5615891653708371,0.4917354968334897,0.35673786291013315,1.0
