,Pallidum_R,LC_L,Cerebellum_Crus2_L,ACC_pre_L,Supp_Motor_Area_L
Pallidum_R,1.0,0.17769946960927405,-0.20692805267763018,0.5659547372631824,0.07577754185263816
LC_L,0.17769946960927405,1.0,0.36830883626616256,0.4891030082368237,-0.32889960040243105
Cerebellum_Crus2_L,-0.20692805267763018,0.36830883626616256,1.0,-0.04757466348213066,0.14072269934359619
ACC_pre_L,0.5659547372631824,0.4891030082368237,-0.04757466348213066,1.0,-0.08280545009434719
Supp_Motor_Area_L,0.07577754185263816,-0.32889960040243105,0.14072269934359619,-0.08280545009434719,1.0
