,OFCpost_L,SN_pr_R,Temporal_Pole_Mid_L,Occipital_Mid_L,Precuneus_L
OFCpost_L,1.0,0.089868262084701,-0.27947597476797476,-0.09694194401878609,0.5134313006468182
SN_pr_R,0.089868262084701,1.0,0.39848617317526824,0.11127251775379997,0.22495890308525718
Temporal_Pole_Mid_L,-0.27947597476797476,0.39848617317526824,1.0,-0.08287153912570093,-0.19527127519006432
Occipital_Mid_L,-0.09694194401878609,0.11127251775379997,-0.08287153912570093,1.0,0.23561330977714795
Precuneus_L,0.5134313006468182,0.22495890308525718,-0.19527127519006432,0.23561330977714795,1.0
