,SN_pr_R,Thal_MDl_R,OFCpost_R,Temporal_Sup_R,OFClat_L
SN_pr_R,1.0,-0.4443890985705161,0.35342472281181003,0.475173475926129,0.5742889012620259
Thal_MDl_R,-0.4443890985705161,1.0,0.29802714461404023,0.11871466534771913,-0.1282233662150991
OFCpost_R,0.35342472281181003,0.29802714461404023,1.0,0.7216558785690198,0.7172175018073543
Temporal_Sup_R,0.475173475926129,0.11871466534771913,0.7216558785690198,1.0,0.6458939894236764
OFClat_L,0.5742889012620259,-0.1282233662150991,0.7172175018073543,0.6458939894236764,1.0
